{"PAD": 0, "START": 1, "END": 2, "TS_3/4": 3, "MODE_major": 4, "REST": 5, "DUR_2.0": 6, "NOTE_ON_64": 7, "DUR_0.5": 8, "NOTE_ON_65": 9, "NOTE_ON_67": 10, "DUR_1.0": 11, "NOTE_ON_69": 12, "DUR_0.25": 13, "DUR_0.125": 14, "NOTE_ON_71": 15, "NOTE_ON_62": 16, "NOTE_ON_60": 17, "NOTE_ON_72": 18, "DUR_0.75": 19, "NOTE_ON_74": 20, "NOTE_ON_76": 21, "DUR_0.05": 22, "DUR_0.375": 23, "DUR_0.1": 24, "TS_2/4": 25, "MODE_minor": 26, "TS_4/4": 27, "NOTE_ON_83": 28, "NOTE_ON_79": 29, "NOTE_ON_81": 30, "NOTE_ON_77": 31, "DUR_0.16666666666666666": 32, "NOTE_ON_70": 33, "DUR_0.08333333333333333": 34, "DUR_1.5": 35, "NOTE_ON_78": 36, "NOTE_ON_59": 37, "NOTE_ON_57": 38, "TS_11/8": 39, "NOTE_ON_68": 40, "TS_3/8": 41, "DUR_0.3333333333333333": 42, "DUR_3.0": 43, "NOTE_ON_58": 44, "TS_1/8": 45, "NOTE_ON_80": 46, "NOTE_ON_66": 47, "NOTE_ON_73": 48, "NOTE_ON_61": 49, "TS_9/8": 50, "NOTE_ON_63": 51, "NOTE_ON_75": 52, "DUR_0.2": 53, "TS_5/4": 54, "DUR_0.041666666666666664": 55, "DUR_0.0625": 56, "DUR_0.1875": 57, "TS_7/4": 58, "DUR_3.5": 59, "DUR_0.1428571428571428": 60, "TS_6/4": 61, "DUR_1.75": 62, "TS_5/8": 63, "DUR_4.0": 64, "DUR_0.4": 65, "DUR_0.6666666666666666": 66, "NOTE_ON_82": 67, "TS_7/8": 68, "TS_1/4": 69, "DUR_0.07142857142857142": 70, "DUR_0.111111111111": 71, "DUR_0.2916666666666667": 72, "DUR_0.6": 73, "DUR_0.875": 74, "DUR_2.3333333333333335": 75, "DUR_0.5833333333333334": 76, "TS_14/4": 77, "TS_9/4": 78, "TS_13/8": 79, "TS_8/4": 80, "TS_10/4": 81, "TS_15/8": 82, "TS_13/4": 83, "TS_11/4": 84, "TS_15/4": 85, "DUR_1.3333333333333333": 86, "DUR_2.6666666666666665": 87, "DUR_7.0": 88, "DUR_0.4375": 89, "DUR_0.14583333333333334": 90, "DUR_6.0": 91}